id,season_id,player_id,Games_Played,Points,goals,Age,Position,team_id,experience,innate_ability
1,1,105,68,2335,672,30,SG,1,9,0.30
2,1,109,66,1978,624,29,PG,23,6,0.21
3,1,11,70,1863,627,23,SG,12,3,0.13
4,1,115,63,1857,685,25,PF,26,5,0.20
5,1,97,60,1778,546,21,PG,9,0,0.00
6,1,162,61,1759,581,20,PG,25,0,0.00
7,1,58,57,1741,593,26,SG,21,6,0.23
8,1,135,67,1698,643,35,PG,5,15,0.43
9,1,113,69,1655,602,23,SG,7,1,0.04
10,1,139,62,1618,551,26,PF,5,6,0.23
11,1,13,70,1556,611,28,SG,23,5,0.18
12,1,124,57,1553,604,31,PG,1,10,0.32
13,1,9,66,1547,552,21,PF,15,1,0.05
14,1,17,57,1543,532,28,SF,2,6,0.21
15,1,129,60,1530,539,24,SF,3,4,0.17
16,1,145,68,1504,557,30,SF,24,9,0.30
17,1,39,62,1477,507,22,PF,29,2,0.09
18,1,66,73,1456,565,24,C,14,3,0.13
19,1,54,72,1411,553,27,PF,22,7,0.26
20,1,155,72,1382,498,27,SG,8,2,0.07
21,1,36,60,1371,500,25,PF,27,2,0.08
22,1,178,65,1349,513,21,PG,19,1,0.05
23,1,144,70,1331,478,21,SG,18,0,0.00
24,1,183,67,1326,534,26,SF,4,3,0.12
25,1,101,64,1318,424,26,PG,28,4,0.15
26,1,48,62,1297,471,28,SF,26,6,0.21
27,1,117,63,1275,418,30,SF,7,4,0.13
28,1,21,64,1248,463,25,PF,16,4,0.16
29,1,153,70,1232,434,34,PG,18,13,0.38
30,1,142,65,1229,453,26,PG,18,5,0.19
31,1,163,66,1221,434,27,SF,10,6,0.22
32,1,14,62,1215,493,29,C,10,7,0.24
33,1,172,67,1193,447,20,PG,6,6,0.30
34,1,127,65,1185,391,33,PG,2,17,0.52
35,1,32,73,1181,435,24,SG,6,2,0.08
36,1,6,54,1175,437,24,SF,31,4,0.17
37,1,6,42,942,351,24,SF,20,4,0.17
38,1,6,12,233,86,24,SF,13,4,0.17
39,1,161,63,1173,471,26,C,2,3,0.12
40,1,38,51,1172,382,25,C,22,2,0.08
41,1,160,61,1167,458,29,SG,29,9,0.31
42,1,8,57,1164,398,24,C,25,2,0.08
43,1,31,62,1160,358,31,PF,18,8,0.26
44,1,121,57,1159,427,23,SG,15,2,0.09
45,1,103,58,1157,345,30,SF,11,7,0.23
46,1,71,62,1147,458,23,PF,4,2,0.09
47,1,5,72,1146,440,22,PF,11,1,0.05
48,1,137,63,1145,368,24,PG,30,0,0.00
49,1,151,56,1145,378,29,PG,15,12,0.41
50,1,180,63,1134,398,25,PG,30,3,0.12
51,1,147,58,1126,334,33,PG,27,12,0.36
52,1,176,71,1121,384,27,SG,25,5,0.19
53,1,56,59,1091,408,22,PG,14,1,0.05
54,1,173,71,1078,394,27,SG,31,4,0.15
55,1,173,29,423,144,27,SG,19,4,0.15
56,1,173,42,655,250,27,SG,7,4,0.15
57,1,50,51,1077,391,22,PG,8,1,0.05
58,1,111,72,1046,365,27,PF,8,6,0.22
59,1,143,56,1046,373,24,SF,12,3,0.13
60,1,57,70,1044,432,27,C,6,6,0.22
61,1,120,68,2335,672,26,SG,21,5,0.19
62,1,51,57,1978,593,24,SF,3,1,0.04
63,1,59,68,2335,672,32,SG,7,15,0.47
64,1,138,66,1978,624,29,PG,23,12,0.41
65,1,92,66,1978,624,28,PG,23,8,0.29
66,1,98,57,1978,593,33,SF,2,16,0.48
67,1,60,68,2335,672,34,SG,18,18,0.53
68,1,73,63,1857,685,25,PF,26,1,0.04
69,1,16,68,2335,672,32,SG,7,11,0.34
70,1,29,68,2335,672,30,SG,1,7,0.23
71,1,53,57,1978,593,19,SF,3,6,0.32
72,1,18,68,2335,672,34,SG,18,16,0.47
73,1,64,68,2335,672,26,SG,21,5,0.19
74,1,123,66,1978,624,28,PG,23,7,0.25
75,1,94,68,2335,672,23,SG,12,3,0.13
76,1,148,68,2335,672,34,SG,18,14,0.41
77,1,130,63,1857,685,22,PF,29,3,0.14
78,1,100,63,1857,685,22,PF,29,1,0.05
79,2,99,63,2015,658,32,PG,13,10,0.31
80,2,109,67,1928,602,30,PG,23,7,0.23
81,2,66,72,1898,732,25,C,14,4,0.16
82,2,58,60,1878,670,27,SG,21,7,0.26
83,2,162,66,1830,647,21,PG,25,1,0.05
84,2,115,61,1717,626,26,PF,26,6,0.23
85,2,11,67,1712,623,24,SG,12,4,0.17
86,2,21,71,1712,602,26,PF,16,5,0.19
87,2,9,64,1692,605,22,SF,15,2,0.09
88,2,87,61,1647,634,20,PF,29,5,0.25
89,2,14,70,1639,666,30,C,31,8,0.27
90,2,14,44,1080,436,30,C,10,8,0.27
91,2,14,26,559,230,30,C,3,8,0.27
92,2,97,63,1594,487,22,PG,9,1,0.05
93,2,129,58,1591,569,25,SG,3,5,0.20
94,2,50,58,1461,529,23,PG,8,2,0.09
95,2,178,60,1460,525,22,SG,19,2,0.09
96,2,38,51,1451,461,26,C,22,3,0.12
97,2,25,54,1451,549,28,PG,28,8,0.29
98,2,39,61,1450,513,23,SF,29,3,0.13
99,2,124,65,1445,544,32,PG,21,11,0.34
100,2,121,58,1430,538,24,SG,15,3,0.13
101,2,180,69,1407,510,26,SG,30,4,0.15
102,2,113,53,1401,478,24,PG,7,2,0.08
103,2,112,72,1392,505,19,SG,20,5,0.26
104,2,48,68,1385,511,29,SF,26,7,0.24
105,2,6,71,1320,505,25,PF,13,5,0.20
106,2,145,61,1316,455,31,PF,24,10,0.32
107,2,17,52,1292,465,29,SF,2,7,0.24
108,2,79,69,1283,438,27,SF,31,4,0.15
109,2,79,42,823,282,27,SG,27,4,0.15
110,2,79,27,460,156,27,SF,23,4,0.15
111,2,2,72,1264,467,20,SG,16,0,0.00
112,2,71,62,1260,484,24,PF,4,3,0.13
113,2,35,54,1259,445,30,SF,2,9,0.30
114,2,173,68,1251,457,28,SG,7,5,0.18
115,2,33,50,1239,425,25,C,20,4,0.16
116,2,117,72,1225,406,31,SF,7,5,0.16
117,2,54,62,1210,473,28,PF,22,8,0.29
118,2,49,54,1205,400,26,SF,17,5,0.19
119,2,172,63,1204,430,21,PG,6,0,0.00
120,2,5,64,1197,456,23,C,11,2,0.09
121,2,36,56,1196,437,26,PF,27,3,0.12
122,2,107,56,1186,444,28,PG,4,3,0.11
123,2,155,71,1176,403,28,SG,8,3,0.11
124,2,176,70,1163,407,28,SG,25,6,0.21
125,2,37,61,1162,443,22,SF,14,0,0.00
126,2,32,67,1151,432,25,SF,6,3,0.12
127,2,153,70,1149,439,35,PG,12,14,0.40
128,2,135,45,1126,422,36,PG,5,16,0.44
129,2,103,52,1116,366,31,SF,11,8,0.26
130,2,65,63,1111,429,23,PF,9,2,0.09
131,2,13,47,1087,405,29,SG,23,6,0.21
132,2,105,44,1083,342,31,PG,31,10,0.32
133,2,105,8,198,60,31,PG,1,10,0.32
134,2,105,36,885,282,31,PG,28,10,0.32
135,2,57,62,1058,440,28,C,6,7,0.25
136,2,88,67,1051,441,24,PG,24,2,0.08
137,2,160,59,1046,414,30,PG,26,10,0.33
138,2,186,69,1041,375,20,PG,3,0,0.00
139,2,177,72,1898,732,25,C,14,2,0.08
140,2,159,72,1898,732,25,C,14,1,0.04
141,2,77,60,1928,670,24,SG,12,2,0.08
142,2,95,63,2015,658,32,PG,13,11,0.34
143,2,78,63,2015,658,28,PG,28,5,0.18
144,2,133,72,1898,732,25,C,14,4,0.16
145,2,157,60,1928,670,35,SG,12,8,0.23
146,2,119,60,1928,670,27,SG,21,2,0.07
147,2,132,63,2015,658,33,PG,7,14,0.42
148,2,122,63,2015,658,32,PG,13,12,0.38
149,2,61,63,2015,658,30,PG,23,2,0.07
150,2,104,60,1928,670,24,SG,12,0,0.00
151,2,141,63,2015,658,28,PG,28,1,0.04
152,2,23,64,1898,605,22,SF,15,4,0.18
153,2,128,60,1928,670,24,SG,12,1,0.04
154,2,28,60,1928,670,24,SG,12,5,0.21
155,2,42,63,2015,658,28,PG,28,3,0.11
156,2,181,64,1898,605,22,SF,15,3,0.14
157,2,70,60,1928,670,24,SG,12,2,0.08
158,3,97,76,2155,711,23,PG,9,2,0.09
159,3,145,76,2118,774,32,PF,3,11,0.34
160,3,38,68,2079,666,27,C,22,4,0.15
161,3,9,76,2046,708,23,SF,15,3,0.13
162,3,66,74,2004,764,26,C,14,5,0.19
163,3,115,67,2002,689,27,PF,26,7,0.26
164,3,162,65,1847,641,22,PG,25,2,0.09
165,3,11,68,1822,662,25,SG,12,5,0.20
166,3,33,74,1818,642,26,C,20,5,0.19
167,3,113,67,1733,617,25,SG,7,3,0.12
168,3,135,56,1695,640,37,C,5,17,0.46
169,3,175,55,1643,578,33,PF,28,12,0.36
170,3,129,67,1635,565,26,SG,3,6,0.23
171,3,99,64,1630,535,33,PG,13,11,0.33
172,3,82,80,1613,596,23,PF,30,1,0.04
173,3,172,57,1564,580,22,PG,6,1,0.05
174,3,121,66,1559,576,25,SF,15,4,0.16
175,3,36,68,1551,596,27,PF,27,4,0.15
176,3,112,72,1533,549,20,SG,20,0,0.00
177,3,174,75,1508,538,20,PG,30,0,0.00
178,3,63,68,1473,542,22,PG,19,2,0.09
179,3,21,72,1447,512,27,PF,16,6,0.22
180,3,124,78,1441,548,33,PG,5,12,0.36
181,3,88,68,1438,573,25,PG,24,3,0.12
182,3,105,65,1432,407,32,PG,31,11,0.34
183,3,105,44,990,292,32,PG,28,11,0.34
184,3,105,21,442,115,32,PG,22,11,0.34
185,3,180,73,1408,518,27,SG,30,5,0.19
186,3,67,76,1405,474,22,SG,13,1,0.05
187,3,2,70,1402,487,21,SF,16,1,0.05
188,3,76,76,1384,508,23,SG,6,0,0.00
189,3,144,56,1371,477,23,PG,18,2,0.09
190,3,13,62,1370,536,30,PG,31,7,0.23
191,3,13,36,739,290,30,SG,23,7,0.23
192,3,13,26,631,246,30,PG,29,7,0.23
193,3,50,59,1367,516,24,PG,31,3,0.13
194,3,26,66,1367,501,22,SG,11,2,0.09
195,3,48,66,1325,452,30,SF,26,8,0.27
196,3,146,82,1321,450,22,SF,17,0,0.00
197,3,1,65,1320,442,27,PG,27,4,0.15
198,3,57,74,1314,510,29,C,29,8,0.28
199,3,7,75,1311,483,21,PG,22,0,0.00
200,3,14,73,1288,546,31,C,3,9,0.29
201,3,191,79,1285,506,25,SG,25,2,0.08
202,3,19,70,1283,450,23,SG,27,3,0.13
203,3,75,75,1278,471,22,SF,24,1,0.05
204,3,43,78,1272,430,22,PF,6,2,0.09
205,3,173,79,1266,466,29,SG,7,6,0.21
206,3,111,77,1265,391,29,PF,8,8,0.28
207,3,155,81,1265,446,29,SG,31,4,0.14
208,3,155,55,792,265,29,SG,8,4,0.14
209,3,155,26,473,181,29,SG,4,4,0.14
210,3,102,75,1263,479,31,SG,2,9,0.29
211,3,54,73,1257,493,29,PF,22,9,0.31
212,3,6,73,1256,475,26,SF,13,6,0.23
213,3,117,69,1248,422,32,PF,7,6,0.19
214,3,39,55,1246,453,24,SF,29,4,0.17
215,3,160,67,1225,478,31,PG,26,11,0.35
216,3,103,57,1219,398,32,SF,11,9,0.28
217,3,80,68,1218,440,26,C,1,4,0.15
218,3,170,76,2155,711,31,PF,3,7,0.23
219,3,10,76,2155,711,31,PF,31,8,0.26
220,3,96,76,2155,711,28,PF,21,11,0.39
221,3,152,68,2079,666,25,SG,12,5,0.20
222,3,149,76,2155,711,29,PG,29,2,0.07
223,3,90,76,2155,711,38,PG,13,19,0.50
224,3,93,76,2155,711,29,PG,29,4,0.14
225,3,22,68,2079,666,19,C,1,4,0.21
226,3,52,76,2155,711,33,PF,28,7,0.21
227,3,131,76,2155,711,28,PF,21,1,0.04
228,3,4,68,2079,666,19,C,1,4,0.21
229,3,140,68,2079,666,26,C,14,0,0.00
230,3,55,76,2155,711,24,PG,8,4,0.17
231,3,15,68,2079,666,25,SG,12,3,0.12
232,4,9,74,2225,727,24,SF,15,4,0.17
233,4,38,66,2183,728,28,C,22,5,0.18
234,4,162,66,2138,719,23,PG,25,3,0.13
235,4,144,68,2135,704,24,PG,18,3,0.13
236,4,115,63,1959,707,28,PF,26,8,0.29
237,4,112,79,1946,707,21,SG,20,1,0.05
238,4,21,77,1936,658,28,PF,16,7,0.25
239,4,113,68,1922,679,26,SG,19,4,0.15
240,4,97,73,1914,597,24,PG,9,3,0.13
241,4,129,77,1913,673,27,SG,3,7,0.26
242,4,109,58,1866,556,32,PG,23,9,0.28
243,4,50,73,1826,682,25,PG,8,4,0.16
244,4,145,74,1816,657,33,SF,3,12,0.36
245,4,121,67,1784,679,26,SF,15,5,0.19
246,4,36,71,1720,630,28,PF,27,5,0.18
247,4,114,66,1691,571,25,PF,7,4,0.16
248,4,66,69,1690,646,27,C,14,6,0.22
249,4,41,76,1683,566,20,SG,1,0,0.00
250,4,67,82,1675,550,23,PG,13,2,0.09
251,4,185,83,1671,593,26,SG,31,3,0.12
252,4,185,56,965,354,26,SF,12,3,0.12
253,4,185,27,706,239,26,SG,28,3,0.12
254,4,99,56,1648,559,34,PG,13,12,0.35
255,4,191,68,1633,587,26,PG,16,3,0.12
256,4,25,60,1623,594,30,SG,31,10,0.33
257,4,25,40,1084,398,30,PG,28,10,0.33
258,4,25,20,539,196,30,SG,25,10,0.33
259,4,172,61,1596,566,23,PG,6,2,0.09
260,4,135,55,1590,609,38,PF,5,18,0.47
261,4,13,75,1568,587,31,PG,29,8,0.26
262,4,5,75,1529,602,25,C,11,4,0.16
263,4,88,74,1515,612,26,SG,9,4,0.15
264,4,71,79,1510,577,26,C,8,5,0.19
265,4,170,69,1509,546,32,SF,13,8,0.25
266,4,8,65,1505,507,27,C,21,5,0.19
267,4,63,69,1490,522,23,PG,19,3,0.13
268,4,45,80,1485,542,21,SF,10,0,0.00
269,4,11,53,1471,527,26,SG,12,6,0.23
270,4,103,64,1466,479,33,PF,11,10,0.30
271,4,139,56,1451,542,29,C,5,9,0.31
272,4,14,82,1447,597,32,C,3,10,0.31
273,4,24,72,1437,479,20,PF,10,3,0.15
274,4,2,73,1431,510,22,SG,16,2,0.09
275,4,75,63,1385,503,23,SF,24,2,0.09
276,4,101,79,1369,460,29,SG,31,7,0.24
277,4,101,53,940,316,29,SG,25,7,0.24
278,4,101,26,429,144,29,PG,28,7,0.24
279,4,175,47,1366,483,34,PF,31,13,0.38
280,4,175,39,1158,410,34,PF,28,13,0.38
281,4,175,8,208,73,34,PF,12,13,0.38
282,4,51,64,1357,512,27,PF,21,4,0.15
283,4,26,67,1347,487,23,SG,11,3,0.13
284,4,155,80,1344,475,30,SF,4,5,0.17
285,4,1,69,1335,437,28,PG,27,5,0.18
286,4,35,56,1332,459,32,SF,2,11,0.34
287,4,180,63,1329,493,28,SG,30,6,0.21
288,4,179,62,1306,467,23,SG,23,3,0.13
289,4,81,78,1302,413,20,SG,4,3,0.15
290,4,56,65,1298,473,25,PG,14,4,0.16
291,4,49,63,1290,434,28,PF,23,7,0.25
292,4,66,79,2225,707,27,SG,3,6,0.22
293,4,120,63,2225,707,29,PF,5,8,0.28
294,4,118,79,2225,707,27,SG,3,7,0.26
295,4,37,74,2225,727,24,SF,15,2,0.08
296,4,30,79,2225,707,26,SG,19,3,0.12
297,4,102,66,2183,728,32,PG,23,10,0.31
298,4,40,74,2225,727,36,SF,15,13,0.36
299,4,3,63,2225,707,22,PF,16,0,0.00
300,4,156,79,2225,707,21,SG,20,3,0.14
301,4,188,66,2183,728,34,PG,13,13,0.38
302,4,62,66,2183,728,25,PG,8,1,0.04
303,4,150,63,2225,707,22,PF,16,2,0.09
304,4,190,66,2183,728,25,PG,8,4,0.16
305,4,47,66,2183,728,34,PG,13,11,0.32
306,4,74,79,2225,707,27,SG,3,1,0.04
307,4,169,79,2225,707,20,SG,1,3,0.15
308,4,106,66,2183,728,25,PG,8,2,0.08
309,5,162,70,2370,804,24,PG,25,4,0.17
310,5,144,75,2254,796,25,PG,18,4,0.16
311,5,115,73,2222,837,29,PF,26,9,0.31
312,5,191,77,2212,790,27,PG,16,4,0.15
313,5,66,79,2085,822,28,C,14,7,0.25
314,5,112,79,2049,718,22,SG,20,2,0.09
315,5,175,75,2032,751,35,PF,12,14,0.40
316,5,9,74,1987,672,25,PF,15,5,0.20
317,5,50,74,1966,720,26,PG,8,5,0.19
318,5,99,74,1956,650,35,PG,13,13,0.37
319,5,145,79,1897,650,34,SF,3,13,0.38
320,5,139,76,1876,713,30,C,5,10,0.33
321,5,11,68,1841,642,27,PG,12,7,0.26
322,5,135,71,1822,685,39,PF,5,19,0.49
323,5,7,70,1816,638,23,PG,22,2,0.09
324,5,24,80,1804,640,21,PF,10,0,0.00
325,5,109,73,1775,541,33,PG,26,10,0.30
326,5,88,78,1753,672,27,SG,9,5,0.19
327,5,36,80,1737,681,29,PF,31,6,0.21
328,5,36,39,865,325,29,PF,27,6,0.21
329,5,36,41,872,356,29,PF,4,6,0.21
330,5,35,74,1671,582,33,PF,2,12,0.36
331,5,17,68,1613,610,32,SF,2,10,0.31
332,5,121,70,1610,627,27,SF,15,6,0.22
333,5,41,82,1610,563,21,SG,1,1,0.05
334,5,185,82,1606,564,27,SF,28,4,0.15
335,5,87,70,1601,624,23,PF,29,2,0.09
336,5,71,82,1593,634,27,C,8,6,0.22
337,5,51,70,1553,608,28,PF,21,5,0.18
338,5,189,71,1522,551,20,C,24,2,0.10
339,5,186,79,1509,541,23,PG,3,3,0.13
340,5,25,58,1487,562,31,SG,25,11,0.35
341,5,43,66,1486,516,24,C,6,4,0.17
342,5,193,66,1482,526,22,SG,28,1,0.05
343,5,113,55,1463,503,27,SG,19,5,0.19
344,5,178,78,1458,506,25,SG,7,5,0.20
345,5,82,69,1449,559,25,SF,30,3,0.12
346,5,45,72,1421,528,22,SF,10,1,0.05
347,5,182,62,1405,524,22,PG,17,1,0.05
348,5,187,69,1389,500,23,PG,4,2,0.09
349,5,97,54,1389,433,25,PG,9,4,0.16
350,5,170,77,1375,490,33,SF,13,9,0.27
351,5,14,76,1370,586,33,C,3,11,0.33
352,5,136,76,1369,492,27,PG,5,7,0.26
353,5,5,71,1367,530,26,C,11,5,0.19
354,5,158,82,1357,505,21,C,18,2,0.10
355,5,67,78,1356,490,24,SG,21,3,0.13
356,5,37,81,1356,522,25,SF,14,3,0.12
357,5,184,71,1355,536,22,PF,18,0,0.00
358,5,38,39,1353,450,29,C,22,6,0.21
359,5,33,62,1349,479,28,PF,20,7,0.25
360,5,84,79,1333,471,31,SG,9,5,0.16
361,5,39,64,1332,500,26,SF,29,6,0.23
362,5,116,63,1331,527,21,C,1,1,0.05
363,5,12,68,1323,498,23,SG,24,2,0.09
364,5,13,66,1322,484,32,PG,29,9,0.28
365,5,125,77,1313,476,27,C,4,7,0.26
366,5,171,82,1300,457,25,SG,5,1,0.04
367,5,110,74,1279,476,21,SF,30,2,0.10
368,5,114,55,1278,427,26,PF,7,5,0.19
369,5,160,73,2222,837,33,PF,26,13,0.39
370,5,134,73,2222,837,29,PF,26,5,0.17
371,5,8,79,2085,822,28,C,14,6,0.21
372,5,89,73,2222,837,37,PF,15,15,0.41
373,5,86,70,2370,804,26,PG,8,3,0.12
374,5,44,70,2370,804,26,PG,8,1,0.04
375,5,164,79,2085,822,28,C,14,5,0.18
376,5,46,70,2370,804,25,PG,18,3,0.12
377,5,166,70,2370,804,24,PG,25,1,0.04
378,5,167,70,2370,804,25,PG,18,3,0.12
379,5,34,70,2370,804,26,PG,8,4,0.15
380,5,68,73,2222,837,19,PF,23,2,0.11
381,5,27,70,2370,804,24,PG,25,2,0.08
382,5,69,73,2222,837,21,PF,10,1,0.05
383,5,165,70,2370,804,24,PG,25,1,0.04
384,5,83,70,2370,804,26,PG,8,2,0.08
385,5,192,73,2222,837,21,PF,10,0,0.00
