player_id,height_to_weight_ratio,height,weight,season_id,player_name
105,1.98,196,99,1,James Harden
109,2.14,188,88,1,Damian Lillard
11,2.13,198,93,1,Devin Booker
115,1.94,211,109,1,Giannis Antetokounmpo
97,2.50,185,74,1,Trae Young
162,1.90,198,104,1,Luka Dončić
58,2.08,193,93,1,Bradley Beal
135,1.82,206,113,1,LeBron James
113,1.96,190,97,1,Donovan Mitchell
139,1.82,208,114,1,Anthony Davis
13,2.21,190,86,1,CJ McCollum
124,2.14,193,90,1,Russell Westbrook
9,2.14,203,95,1,Jayson Tatum
17,1.97,201,102,1,Kawhi Leonard
129,2.18,196,90,1,Zach LaVine
145,2.00,198,99,1,DeMar DeRozan
39,2.36,203,86,1,Brandon Ingram
66,1.65,211,128,1,Nikola Jokić
54,1.99,203,102,1,Tobias Harris
155,1.95,193,99,1,Buddy Hield
36,1.95,203,104,1,Pascal Siakam
178,2.21,190,86,1,Collin Sexton
144,2.20,198,90,1,Shai Gilgeous-Alexander
183,2.05,203,99,1,T.J. Warren
101,2.02,196,97,1,Spencer Dinwiddie
48,2.01,201,100,1,Khris Middleton
117,1.97,201,102,1,Bojan Bogdanović
21,1.82,206,113,1,Julius Randle
153,2.32,183,79,1,Chris Paul
142,2.37,185,78,1,Dennis Schröder
163,2.15,198,92,1,Evan Fournier
14,1.78,208,117,1,Nikola Vučević
172,2.41,188,78,1,Ja Morant
127,2.38,188,79,1,Lou Williams
32,1.94,198,102,1,Dillon Brooks
6,2.26,201,89,1,Andrew Wiggins
6,2.26,201,89,1,Andrew Wiggins
6,2.26,201,89,1,Andrew Wiggins
161,1.86,201,108,1,Montrezl Harrell
38,1.68,213,127,1,Joel Embiid
160,2.10,193,92,1,Jrue Holiday
8,2.02,218,108,1,Kristaps Porziņģis
31,1.98,208,105,1,Danilo Gallinari
121,1.96,198,101,1,Jaylen Brown
103,1.93,201,104,1,Jimmy Butler
71,1.93,208,108,1,Domantas Sabonis
5,1.79,206,115,1,Bam Adebayo
137,2.10,185,88,1,Devonte' Graham
151,2.20,183,83,1,Kemba Walker
180,2.15,185,86,1,Terry Rozier
147,2.08,183,88,1,Kyle Lowry
176,2.13,196,92,1,Tim Hardaway Jr.
56,1.99,193,97,1,Jamal Murray
173,2.18,190,87,1,Jordan Clarkson
173,2.18,190,87,1,Jordan Clarkson
173,2.18,190,87,1,Jordan Clarkson
50,2.29,190,83,1,De'Aaron Fox
111,1.99,203,102,1,Harrison Barnes
143,2.21,203,92,1,Kelly Oubre Jr.
57,1.76,211,120,1,Jonas Valančiūnas
120,2.13,196,92,1,Kentavious Caldwell-Pope
51,2.06,206,100,1,Kyle Kuzma
59,2.04,198,97,1,Danny Green
138,2.35,190,81,1,Avery Bradley
92,1.96,190,97,1,Dion Waiters
98,2.28,185,81,1,Rajon Rondo
60,1.73,208,120,1,Dwight Howard
73,2.33,196,84,1,Alex Caruso
16,1.75,213,122,1,JaVale McGee
29,1.86,206,111,1,Markieff Morris
53,1.82,193,106,1,Talen Horton-Tucker
18,1.94,198,102,1,J.R. Smith
64,2.28,185,81,1,Quinn Cook
123,2.14,193,90,1,Troy Daniels
94,1.86,201,108,1,Devontae Cacok
148,1.85,198,107,1,Jared Dudley
130,2.31,208,90,1,Kostas Antetokounmpo
100,2.11,196,93,1,Zach Norvell
99,2.27,188,83,2,Stephen Curry
109,2.14,188,88,2,Damian Lillard
66,1.65,211,128,2,Nikola Jokić
58,2.08,193,93,2,Bradley Beal
162,1.90,198,104,2,Luka Dončić
115,1.94,211,109,2,Giannis Antetokounmpo
11,2.13,198,93,2,Devin Booker
21,1.82,206,113,2,Julius Randle
9,2.14,203,95,2,Jayson Tatum
87,1.55,198,128,2,Zion Williamson
14,1.78,208,117,2,Nikola Vučević
14,1.78,208,117,2,Nikola Vučević
14,1.78,208,117,2,Nikola Vučević
97,2.50,185,74,2,Trae Young
129,2.18,196,90,2,Zach LaVine
50,2.29,190,83,2,De'Aaron Fox
178,2.21,190,86,2,Collin Sexton
38,1.68,213,127,2,Joel Embiid
25,2.14,188,88,2,Kyrie Irving
39,2.36,203,86,2,Brandon Ingram
124,2.14,193,90,2,Russell Westbrook
121,1.96,198,101,2,Jaylen Brown
180,2.15,185,86,2,Terry Rozier
113,1.96,190,97,2,Donovan Mitchell
112,1.89,193,102,2,Anthony Edwards
48,2.01,201,100,2,Khris Middleton
6,2.26,201,89,2,Andrew Wiggins
145,2.00,198,99,2,DeMar DeRozan
17,1.97,201,102,2,Kawhi Leonard
79,1.96,190,97,2,Norman Powell
79,1.96,190,97,2,Norman Powell
79,1.96,190,97,2,Norman Powell
2,2.04,198,97,2,RJ Barrett
71,1.93,208,108,2,Domantas Sabonis
35,2.05,203,99,2,Paul George
173,2.18,190,87,2,Jordan Clarkson
33,1.90,213,112,2,Karl-Anthony Towns
117,1.97,201,102,2,Bojan Bogdanović
54,1.99,203,102,2,Tobias Harris
49,2.12,201,95,2,Jerami Grant
172,2.41,188,78,2,Ja Morant
5,1.79,206,115,2,Bam Adebayo
36,1.95,203,104,2,Pascal Siakam
107,1.87,193,103,2,Malcolm Brogdon
155,1.95,193,99,2,Buddy Hield
176,2.13,196,92,2,Tim Hardaway Jr.
37,2.12,208,98,2,Michael Porter Jr.
32,1.94,198,102,2,Dillon Brooks
153,2.32,183,79,2,Chris Paul
135,1.82,206,113,2,LeBron James
103,1.93,201,104,2,Jimmy Butler
65,1.94,206,106,2,John Collins
13,2.21,190,86,2,CJ McCollum
105,1.98,196,99,2,James Harden
105,1.98,196,99,2,James Harden
105,1.98,196,99,2,James Harden
57,1.76,211,120,2,Jonas Valančiūnas
88,2.42,196,81,2,Dejounte Murray
160,2.10,193,92,2,Jrue Holiday
186,2.23,196,88,2,Coby White
177,2.05,203,99,2,Justin Jackson
159,2.06,196,95,2,Elijah Bryant
77,2.10,193,92,2,Donte DiVincenzo
95,1.70,216,127,2,Brook Lopez
78,2.09,196,94,2,Pat Connaughton
133,1.84,208,113,2,Bobby Portis
157,1.77,196,111,2,P.J. Tucker
119,2.04,188,92,2,Bryn Forbes
132,2.17,180,83,2,D.J. Augustin
122,2.16,190,88,2,Jeff Teague
61,2.01,201,100,2,Torrey Craig
104,2.00,206,103,2,Mamadi Diakite
141,2.03,201,99,2,Thanasis Antetokounmpo
23,1.99,203,102,2,Jordan Nwora
128,2.00,208,104,2,D.J. Wilson
28,2.10,193,92,2,Sam Merrill
42,2.26,201,89,2,Axel Toupane
181,2.00,206,103,2,Rodions Kurucs
70,1.79,183,102,2,Jaylen Adams
97,2.50,185,74,3,Trae Young
145,2.00,198,99,3,DeMar DeRozan
38,1.68,213,127,3,Joel Embiid
9,2.14,203,95,3,Jayson Tatum
66,1.65,211,128,3,Nikola Jokić
115,1.94,211,109,3,Giannis Antetokounmpo
162,1.90,198,104,3,Luka Dončić
11,2.13,198,93,3,Devin Booker
33,1.90,213,112,3,Karl-Anthony Towns
113,1.96,190,97,3,Donovan Mitchell
135,1.82,206,113,3,LeBron James
175,1.95,211,108,3,Kevin Durant
129,2.18,196,90,3,Zach LaVine
99,2.27,188,83,3,Stephen Curry
82,1.97,201,102,3,Miles Bridges
172,2.41,188,78,3,Ja Morant
121,1.96,198,101,3,Jaylen Brown
36,1.95,203,104,3,Pascal Siakam
112,1.89,193,102,3,Anthony Edwards
174,2.48,201,81,3,LaMelo Ball
63,2.13,185,87,3,Darius Garland
21,1.82,206,113,3,Julius Randle
124,2.14,193,90,3,Russell Westbrook
88,2.42,196,81,3,Dejounte Murray
105,1.98,196,99,3,James Harden
105,1.98,196,99,3,James Harden
105,1.98,196,99,3,James Harden
180,2.15,185,86,3,Terry Rozier
67,2.22,193,87,3,Jordan Poole
2,2.04,198,97,3,RJ Barrett
76,2.02,196,97,3,Desmond Bane
144,2.20,198,90,3,Shai Gilgeous-Alexander
13,2.21,190,86,3,CJ McCollum
13,2.21,190,86,3,CJ McCollum
13,2.21,190,86,3,CJ McCollum
50,2.29,190,83,3,De'Aaron Fox
26,2.23,196,88,3,Tyler Herro
48,2.01,201,100,3,Khris Middleton
146,2.07,201,97,3,Saddiq Bey
1,2.06,183,89,3,Fred VanVleet
57,1.76,211,120,3,Jonas Valančiūnas
7,2.09,188,90,3,Tyrese Maxey
14,1.78,208,117,3,Nikola Vučević
191,2.19,188,86,3,Jalen Brunson
19,2.09,196,94,3,Gary Trent Jr.
75,1.98,196,99,3,Keldon Johnson
43,1.91,208,109,3,Jaren Jackson Jr.
173,2.18,190,87,3,Jordan Clarkson
111,1.99,203,102,3,Harrison Barnes
155,1.95,193,99,3,Buddy Hield
155,1.95,193,99,3,Buddy Hield
155,1.95,193,99,3,Buddy Hield
102,2.00,188,94,3,Reggie Jackson
54,1.99,203,102,3,Tobias Harris
6,2.26,201,89,3,Andrew Wiggins
117,1.97,201,102,3,Bojan Bogdanović
39,2.36,203,86,3,Brandon Ingram
160,2.10,193,92,3,Jrue Holiday
103,1.93,201,104,3,Jimmy Butler
80,2.09,203,97,3,Christian Wood
170,2.02,196,97,3,Klay Thompson
10,1.90,198,104,3,Draymond Green
96,2.28,203,89,3,Otto Porter Jr.
152,2.06,206,100,3,Kevon Looney
149,2.06,196,95,3,Damion Lee
90,2.04,198,97,3,Andre Iguodala
93,2.19,188,86,3,Gary Payton II
22,2.14,203,95,3,Jonathan Kuminga
52,1.96,208,106,3,Nemanja Bjelica
131,2.11,198,94,3,Juan Toscano-Anderson
4,2.13,196,92,3,Moses Moody
140,2.28,180,79,3,Chris Chiozza
55,2.29,190,83,3,Jeff Dowtin
15,2.07,190,92,3,Quinndary Weatherspoon
9,2.14,203,95,4,Jayson Tatum
38,1.68,213,127,4,Joel Embiid
162,1.90,198,104,4,Luka Dončić
144,2.20,198,90,4,Shai Gilgeous-Alexander
115,1.94,211,109,4,Giannis Antetokounmpo
112,1.89,193,102,4,Anthony Edwards
21,1.82,206,113,4,Julius Randle
113,1.96,190,97,4,Donovan Mitchell
97,2.50,185,74,4,Trae Young
129,2.18,196,90,4,Zach LaVine
109,2.14,188,88,4,Damian Lillard
50,2.29,190,83,4,De'Aaron Fox
145,2.00,198,99,4,DeMar DeRozan
121,1.96,198,101,4,Jaylen Brown
36,1.95,203,104,4,Pascal Siakam
114,1.97,213,108,4,Lauri Markkanen
66,1.65,211,128,4,Nikola Jokić
41,2.41,193,80,4,Jalen Green
67,2.22,193,87,4,Jordan Poole
185,2.11,198,94,4,Mikal Bridges
185,2.11,198,94,4,Mikal Bridges
185,2.11,198,94,4,Mikal Bridges
99,2.27,188,83,4,Stephen Curry
191,2.19,188,86,4,Jalen Brunson
25,2.14,188,88,4,Kyrie Irving
25,2.14,188,88,4,Kyrie Irving
25,2.14,188,88,4,Kyrie Irving
172,2.41,188,78,4,Ja Morant
135,1.82,206,113,4,LeBron James
13,2.21,190,86,4,CJ McCollum
5,1.79,206,115,4,Bam Adebayo
88,2.42,196,81,4,Dejounte Murray
71,1.93,208,108,4,Domantas Sabonis
170,2.02,196,97,4,Klay Thompson
8,2.02,218,108,4,Kristaps Porziņģis
63,2.13,185,87,4,Darius Garland
45,2.04,208,102,4,Franz Wagner
11,2.13,198,93,4,Devin Booker
103,1.93,201,104,4,Jimmy Butler
139,1.82,208,114,4,Anthony Davis
14,1.78,208,117,4,Nikola Vučević
24,1.84,208,113,4,Paolo Banchero
2,2.04,198,97,4,RJ Barrett
75,1.98,196,99,4,Keldon Johnson
101,2.02,196,97,4,Spencer Dinwiddie
101,2.02,196,97,4,Spencer Dinwiddie
101,2.02,196,97,4,Spencer Dinwiddie
175,1.95,211,108,4,Kevin Durant
175,1.95,211,108,4,Kevin Durant
175,1.95,211,108,4,Kevin Durant
51,2.06,206,100,4,Kyle Kuzma
26,2.23,196,88,4,Tyler Herro
155,1.95,193,99,4,Buddy Hield
1,2.06,183,89,4,Fred VanVleet
35,2.05,203,99,4,Paul George
180,2.15,185,86,4,Terry Rozier
179,2.32,190,82,4,Anfernee Simons
81,2.08,198,95,4,Bennedict Mathurin
56,1.99,193,97,4,Jamal Murray
49,2.12,201,95,4,Jerami Grant
66,1.65,211,128,4,Nikola Jokić
120,2.13,196,92,4,Kentavious Caldwell-Pope
118,1.92,203,106,4,Aaron Gordon
37,2.12,208,98,4,Michael Porter Jr.
30,2.12,193,91,4,Bruce Brown
102,2.00,188,94,4,Reggie Jackson
40,1.92,203,106,4,Jeff Green
3,2.41,188,78,4,Bones Hyland
156,2.02,198,98,4,Christian Braun
188,1.76,211,120,4,DeAndre Jordan
62,1.90,203,107,4,Vlatko Čančar
150,1.91,206,108,4,Zeke Nnaji
190,1.86,208,112,4,Thomas Bryant
47,2.32,183,79,4,Ish Smith
74,2.09,196,94,4,Davon Reed
169,2.26,203,90,4,Peyton Watson
106,1.97,201,102,4,Jack White
162,1.90,198,104,5,Luka Dončić
144,2.20,198,90,5,Shai Gilgeous-Alexander
115,1.94,211,109,5,Giannis Antetokounmpo
191,2.19,188,86,5,Jalen Brunson
66,1.65,211,128,5,Nikola Jokić
112,1.89,193,102,5,Anthony Edwards
175,1.95,211,108,5,Kevin Durant
9,2.14,203,95,5,Jayson Tatum
50,2.29,190,83,5,De'Aaron Fox
99,2.27,188,83,5,Stephen Curry
145,2.00,198,99,5,DeMar DeRozan
139,1.82,208,114,5,Anthony Davis
11,2.13,198,93,5,Devin Booker
135,1.82,206,113,5,LeBron James
7,2.09,188,90,5,Tyrese Maxey
24,1.84,208,113,5,Paolo Banchero
109,2.14,188,88,5,Damian Lillard
88,2.42,196,81,5,Dejounte Murray
36,1.95,203,104,5,Pascal Siakam
36,1.95,203,104,5,Pascal Siakam
36,1.95,203,104,5,Pascal Siakam
35,2.05,203,99,5,Paul George
17,1.97,201,102,5,Kawhi Leonard
121,1.96,198,101,5,Jaylen Brown
41,2.41,193,80,5,Jalen Green
185,2.11,198,94,5,Mikal Bridges
87,1.55,198,128,5,Zion Williamson
71,1.93,208,108,5,Domantas Sabonis
51,2.06,206,100,5,Kyle Kuzma
189,2.08,221,106,5,Victor Wembanyama
186,2.23,196,88,5,Coby White
25,2.14,188,88,5,Kyrie Irving
43,1.91,208,109,5,Jaren Jackson Jr.
193,2.03,193,95,5,Cam Thomas
113,1.96,190,97,5,Donovan Mitchell
178,2.21,190,86,5,Collin Sexton
82,1.97,201,102,5,Miles Bridges
45,2.04,208,102,5,Franz Wagner
182,2.00,198,99,5,Cade Cunningham
187,2.36,196,83,5,Tyrese Haliburton
97,2.50,185,74,5,Trae Young
170,2.02,196,97,5,Klay Thompson
14,1.78,208,117,5,Nikola Vučević
136,2.18,190,87,5,D'Angelo Russell
5,1.79,206,115,5,Bam Adebayo
158,2.25,216,96,5,Chet Holmgren
67,2.22,193,87,5,Jordan Poole
37,2.12,208,98,5,Michael Porter Jr.
184,2.00,198,99,5,Jalen Williams
38,1.68,213,127,5,Joel Embiid
33,1.90,213,112,5,Karl-Anthony Towns
84,1.98,196,99,5,Bogdan BogdanoviÄ
39,2.36,203,86,5,Brandon Ingram
116,1.99,211,106,5,Alperen Şengün
12,2.18,196,90,5,Devin Vassell
13,2.21,190,86,5,CJ McCollum
125,1.87,211,113,5,Myles Turner
171,2.11,196,93,5,Austin Reaves
110,2.26,206,91,5,Brandon Miller
114,1.97,213,108,5,Lauri Markkanen
160,2.10,193,92,5,Jrue Holiday
134,2.24,193,86,5,Derrick White
8,2.02,218,108,5,Kristaps Porziņģis
89,1.91,206,108,5,Al Horford
86,2.10,185,88,5,Payton Pritchard
44,2.09,203,97,5,Sam Hauser
164,1.93,218,113,5,Luke Kornet
46,1.83,203,111,5,Xavier Tillman Sr.
166,1.92,213,111,5,Neemias Queta
167,2.12,201,95,5,Oshae Brissett
34,2.18,201,92,5,Svi Mykhailiuk
68,2.18,201,92,5,Jordan Walsh
27,2.24,206,92,5,Drew Peterson
69,2.10,193,92,5,Jaden Springer
165,2.24,206,92,5,Dalano Banton
83,1.90,198,104,5,Lamar Stevens
192,2.10,185,88,5,JD Davison
