id,player_name,team_id,height,weight,entry_age
1,Fred VanVleet,1,183,89,23
2,RJ Barrett,27,198,97,20
3,Bones Hyland,2,188,78,22
4,Moses Moody,13,196,92,20
5,Bam Adebayo,11,206,115,21
6,Andrew Wiggins,13,201,89,20
7,Tyrese Maxey,22,188,90,21
8,Kristaps Porziņģis,15,218,108,22
9,Jayson Tatum,15,203,95,20
10,Draymond Green,13,198,104,23
11,Devin Booker,12,198,93,20
12,Devin Vassell,24,196,90,21
13,CJ McCollum,29,190,86,23
14,Nikola Vučević,3,208,117,22
15,Quinndary Weatherspoon,31,190,92,26
16,JaVale McGee,31,213,122,21
17,Kawhi Leonard,2,201,102,22
18,J.R. Smith,31,198,102,40
19,Gary Trent Jr.,26,196,94,20
20,Josh Giddey,3,203,95,20
21,Julius Randle,20,206,113,21
22,Jonathan Kuminga,13,203,95,20
23,Jordan Nwora,31,203,102,23
24,Paolo Banchero,10,208,113,21
25,Kyrie Irving,25,188,88,20
26,Tyler Herro,11,196,88,20
27,Drew Peterson,15,206,92,26
28,Sam Merrill,19,193,92,25
29,Markieff Morris,25,206,111,23
30,Bruce Brown,27,193,91,23
31,Danilo Gallinari,31,208,105,23
32,Dillon Brooks,1,198,102,22
33,Karl-Anthony Towns,16,213,112,21
34,Svi Mykhailiuk,7,201,92,22
35,Paul George,22,203,99,21
36,Pascal Siakam,4,203,104,23
37,Michael Porter Jr.,14,208,98,22
38,Joel Embiid,22,213,127,23
39,Brandon Ingram,29,203,86,20
40,Jeff Green,1,203,106,23
41,Jalen Green,1,193,80,20
42,Axel Toupane,31,201,89,33
43,Jaren Jackson Jr.,6,208,109,20
44,Sam Hauser,15,203,97,25
45,Franz Wagner,10,208,102,21
46,Xavier Tillman Sr.,15,203,111,22
47,Ish Smith,31,183,79,23
48,Khris Middleton,26,201,100,22
49,Jerami Grant,23,201,95,21
50,De'Aaron Fox,8,190,83,21
51,Kyle Kuzma,21,206,100,23
52,Nemanja Bjelica,31,208,106,37
53,Talen Horton-Tucker,3,193,106,20
54,Tobias Harris,17,203,102,20
55,Jeff Dowtin,22,190,83,25
56,Jamal Murray,14,193,97,21
57,Jonas Valančiūnas,21,211,120,21
58,Bradley Beal,12,193,93,20
59,Danny Green,31,198,97,38
60,Dwight Howard,31,208,120,40
61,Torrey Craig,3,201,100,28
62,Vlatko Čančar,14,203,107,24
63,Darius Garland,19,185,87,20
64,Quinn Cook,31,185,81,32
65,John Collins,7,206,106,21
66,Nikola Jokić,14,211,128,21
67,Jordan Poole,21,193,87,21
68,Jordan Walsh,15,201,92,21
69,Jaden Springer,15,193,92,20
70,Jaylen Adams,31,183,102,29
71,Domantas Sabonis,8,208,108,21
72,Evan Mobley,19,211,97,21
73,Alex Caruso,18,196,84,24
74,Davon Reed,31,196,94,26
75,Keldon Johnson,24,196,99,21
76,Desmond Bane,6,196,97,23
77,Donte DiVincenzo,20,193,92,22
78,Pat Connaughton,26,196,94,23
79,Norman Powell,2,190,97,23
80,Christian Wood,5,203,97,22
81,Bennedict Mathurin,4,198,95,21
82,Miles Bridges,30,201,102,22
83,Lamar Stevens,31,198,104,24
84,Bogdan BogdanoviÄ,9,196,99,26
85,Deandre Ayton,23,213,113,21
86,Payton Pritchard,15,185,88,23
87,Zion Williamson,29,198,128,21
88,Dejounte Murray,29,196,81,22
89,Al Horford,15,206,108,22
90,Andre Iguodala,31,198,97,41
91,Jarrett Allen,19,211,110,20
92,Dion Waiters,31,190,97,34
93,Gary Payton II,13,188,86,25
94,Devontae Cacok,31,201,108,26
95,Brook Lopez,26,216,127,21
96,Otto Porter Jr.,31,203,89,32
97,Trae Young,9,185,74,21
98,Rajon Rondo,31,185,81,39
99,Stephen Curry,13,188,83,22
100,Zach Norvell,31,196,93,28
101,Spencer Dinwiddie,25,196,97,22
102,Reggie Jackson,22,188,94,22
103,Jimmy Butler,11,201,104,23
104,Mamadi Diakite,31,206,103,24
105,James Harden,2,196,99,21
106,Jack White,31,201,102,26
107,Malcolm Brogdon,21,193,103,25
108,Rudy Gobert,20,216,117,22
109,Damian Lillard,26,188,88,23
110,Brandon Miller,30,206,91,23
111,Harrison Barnes,24,203,102,21
112,Anthony Edwards,20,193,102,20
113,Donovan Mitchell,19,190,97,22
114,Lauri Markkanen,7,213,108,21
115,Giannis Antetokounmpo,26,211,109,20
116,Alperen Şengün,1,211,106,20
117,Bojan Bogdanović,28,201,102,26
118,Aaron Gordon,14,203,106,20
119,Bryn Forbes,31,188,92,25
120,Kentavious Caldwell-Pope,10,196,92,21
121,Jaylen Brown,15,198,101,21
122,Jeff Teague,31,190,88,37
123,Troy Daniels,31,193,90,34
124,Russell Westbrook,14,193,90,21
125,Myles Turner,4,211,113,20
126,Joe Harris,31,198,99,34
127,Lou Williams,31,188,79,39
128,D.J. Wilson,31,208,104,23
129,Zach LaVine,3,196,90,20
130,Kostas Antetokounmpo,31,208,90,25
131,Juan Toscano-Anderson,31,198,94,27
132,D.J. Augustin,31,180,83,38
133,Bobby Portis,26,208,113,21
134,Derrick White,15,193,86,24
135,LeBron James,5,206,113,20
136,D'Angelo Russell,28,190,87,20
137,Devonte' Graham,31,185,88,24
138,Avery Bradley,31,190,81,35
139,Anthony Davis,5,208,114,20
140,Chris Chiozza,31,180,79,26
141,Thanasis Antetokounmpo,31,201,99,27
142,Dennis Schröder,13,185,78,21
143,Kelly Oubre Jr.,22,203,92,21
144,Shai Gilgeous-Alexander,18,198,90,21
145,DeMar DeRozan,8,198,99,21
146,Saddiq Bey,21,201,97,22
147,Kyle Lowry,22,183,88,21
148,Jared Dudley,31,198,107,40
149,Damion Lee,12,196,95,27
150,Zeke Nnaji,14,206,108,20
151,Kemba Walker,31,183,83,35
152,Kevon Looney,13,206,100,20
153,Chris Paul,24,183,79,21
154,Marcus Morris,31,203,98,23
155,Buddy Hield,13,193,99,25
156,Christian Braun,14,198,98,22
157,P.J. Tucker,2,196,111,27
158,Chet Holmgren,18,216,96,23
159,Elijah Bryant,31,196,95,30
160,Jrue Holiday,15,193,92,20
161,Montrezl Harrell,31,201,108,23
162,Luka Dončić,25,198,104,20
163,Evan Fournier,31,198,92,21
164,Luke Kornet,15,218,113,23
165,Dalano Banton,23,206,92,23
166,Neemias Queta,15,213,111,23
167,Oshae Brissett,31,201,95,22
168,Hassan Whiteside,31,213,120,36
169,Peyton Watson,14,203,90,21
170,Klay Thompson,25,196,97,24
171,Austin Reaves,5,196,93,24
172,Ja Morant,6,188,78,21
173,Jordan Clarkson,7,190,87,23
174,LaMelo Ball,30,201,81,20
175,Kevin Durant,12,211,108,21
176,Tim Hardaway Jr.,17,196,92,22
177,Justin Jackson,31,203,99,23
178,Collin Sexton,7,190,86,20
179,Anfernee Simons,23,190,82,20
180,Terry Rozier,11,185,86,22
181,Rodions Kurucs,31,206,103,27
182,Cade Cunningham,17,198,99,21
183,T.J. Warren,31,203,99,23
184,Jalen Williams,18,198,99,22
185,Mikal Bridges,16,198,94,23
186,Coby White,3,196,88,20
187,Tyrese Haliburton,4,196,83,21
188,DeAndre Jordan,14,211,120,21
189,Victor Wembanyama,24,221,106,21
190,Thomas Bryant,4,208,112,21
191,Jalen Brunson,16,188,86,23
192,JD Davison,15,185,88,21
193,Cam Thomas,28,193,95,21
